{
  "mean_m_star_all": 3.1466666666666665,
  "mean_acc_m0_all": 0.7611111111111112,
  "mean_acc_m1_all": 0.828235294117647,
  "mean_mismatches_m0_all": 4.3,
  "mean_mismatches_m1_all": 2.92,
  "mean_m_star_first_week_days_1_7": 4.057142857142857,
  "mean_acc_m0_first_week_days_1_7": 0.7365079365079366,
  "mean_acc_m1_first_week_days_1_7": 0.7865546218487396,
  "mean_mismatches_m0_first_week_days_1_7": 4.742857142857143,
  "mean_mismatches_m1_first_week_days_1_7": 3.6285714285714286,
  "mean_m_star_last_week_days_24_30": 2.342857142857143,
  "mean_acc_m0_last_week_days_24_30": 0.8142857142857143,
  "mean_acc_m1_last_week_days_24_30": 0.895798319327731,
  "mean_mismatches_m0_last_week_days_24_30": 3.342857142857143,
  "mean_mismatches_m1_last_week_days_24_30": 1.7714285714285714
}