{"min": [-0.31115, -0.942039, -0.326718], "max": [0.30615, 0.874151, 0.389672]}